codint,descrip,cantidad,stock,ventas01,ventas02,ventas03,ventas04,ventas05,ventas06,ventas07,ventas08,ventas09,ventas10,ventas11,ventas12,ventas13,costoven,stk01,stk02,stk03,stk04,stk05,stk06,stk07,stk08,stk09,stk10,stk11,stk12,familia,prcosto
003628,TOALLA_OVELLA_CLASICA_11MT_8*3UN,12,1,0,0,0,0,0,0,0,0,0,0,0,0,76780,0,0,0,0,0,0,0,0,0,0,0,0,0,NO TIENE,6718.00
002808,NOBLE_23_MTS_8*6,93,1,0,0,0,0,0,0,0,0,0,0,0,0,778950,0,0,0,0,0,0,0,0,0,0,0,0,0,NO TIENE,8250.00
002836,P.HIG._ELITE_50MT_8*4,37,1,0,0,0,0,0,0,0,0,0,0,0,0,629030,0,0,0,0,0,0,0,0,0,0,0,0,0,NO TIENE,16789.00
002810,ABOLENGO_XL_*6,18,1,0,0,0,0,0,0,0,0,0,0,0,0,237420,0,0,0,0,0,0,0,0,0,0,0,0,0,NO TIENE,13500.00
000782,JABON_BALLERINA_750ML*12,10,1,0,0,0,0,0,0,0,0,0,0,0,0,123156,0,0,0,0,0,0,0,0,0,0,0,0,0,SHAMPOO,11868.00
003193,P._HIG._TORK_50MT_8*4,6,1,0,0,0,0,0,0,0,0,0,0,0,0,85200,0,0,0,0,0,0,0,0,0,0,0,0,0,NO TIENE,13809.90
003830,_NOVA_ULTRA_GIGANTE_AZUL,8,1,0,0,0,0,0,0,0,0,0,0,0,0,130320,0,0,0,0,0,0,0,0,0,0,0,0,0,NO TIENE,15599.00
005263,JABON_BARRA_DOVE_ORIGINAL,84,1,0,0,0,0,0,0,0,0,0,0,0,0,54600,0,0,0,0,0,0,0,0,0,0,0,0,0,NO TIENE,540.00
005815,JABON_PARA_ROPA_AILEDA_170GR,10,1,0,0,0,0,0,0,0,0,0,0,0,0,7900,0,0,0,0,0,0,0,0,0,0,0,0,0,NO TIENE,550.00
005887,LIMPIA_PISO_PINVAL*12,7,1,0,0,0,0,0,0,0,0,0,0,0,0,49560,0,0,0,0,0,0,0,0,0,0,0,0,0,NO TIENE,0.00
004503,LIMPIAPISO_EXCELL_12*900ML,9,1,0,0,0,0,0,0,0,0,0,0,0,0,78840,0,0,0,0,0,0,0,0,0,0,0,0,0,NO TIENE,7929.14
005125,FOSFOROS_PUERTO_VARAS,1,1,0,0,0,0,0,0,0,0,0,0,0,0,4990,0,0,0,0,0,0,0,0,0,0,0,0,0,NO TIENE,4373.25
005713,RATANAX_RATICIDA_PELLETS_50GR,6,1,0,0,0,0,0,0,0,0,0,0,0,0,11340,0,0,0,0,0,0,0,0,0,0,0,0,0,NO TIENE,1582.70
001104,OMO_MATIC_MULTIAC_POLVO_400GR,15,1,0,0,0,0,0,0,0,0,0,0,0,0,14250,0,0,0,0,0,0,0,0,0,0,0,0,0,LAV_.ROPA,850.00
001629,OMO_LIQ._P/DILUIR_RECARGA_500ML,40,1,0,0,0,0,0,0,0,0,0,0,0,0,139600,0,0,0,0,0,0,0,0,0,0,0,0,0,LAV_.ROPA,3350.00
005644,PANTENE_SHAMPOO_300ML,18,1,0,0,0,0,0,0,0,0,0,0,0,0,35820,0,0,0,0,0,0,0,0,0,0,0,0,0,NO TIENE,1850.00
002637,SERVILLETA_GIULIETTA_300*12,12,1,0,0,0,0,0,0,0,0,0,0,0,0,122400,0,0,0,0,0,0,0,0,0,0,0,0,0,NO TIENE,9591.40
003307,PEPSODENT_PACK_3*2_EXTRA_WHIT_90GR,33,1,0,0,0,0,0,0,0,0,0,0,0,0,65670,0,0,0,0,0,0,0,0,0,0,0,0,0,NO TIENE,1600.00
001167,CLORO_GEL_IGENIX_900ML*10,9,1,0,0,0,0,0,0,0,0,0,0,0,0,98100,0,0,0,0,0,0,0,0,0,0,0,0,0,CLORO,9290.00
004105,CLORINDA_1L*15,12,1,0,0,0,0,0,0,0,0,0,0,0,0,181200,0,0,0,0,0,0,0,0,0,0,0,0,0,NO TIENE,14100.00
004823,TOALLAS_HUMEDAS_BRILLEX_50U*10,2,1,0,0,0,0,0,0,0,0,0,0,0,0,13000,0,0,0,0,0,0,0,0,0,0,0,0,0,NO TIENE,5300.00
001547,TOALLITA_BABYSEC_PREMIUM_45UN*10,3,1,0,0,0,0,0,0,0,0,0,0,0,0,20970,0,0,0,0,0,0,0,0,0,0,0,0,0,T._HUMEDAS,5600.00
002044,SCHICK_TITANIUM_4*10,10,1,0,0,0,0,0,0,0,0,0,0,0,0,79900,0,0,0,0,0,0,0,0,0,0,0,0,0,NO TIENE,7099.99
001623,BOLSA_DOM_50X70,360,1,0,0,0,0,0,0,0,0,0,0,0,0,95650,0,0,0,0,0,0,0,0,0,0,0,0,0,NO TIENE,200.00
001124,EMB._P._HIG._SWAN__8*6,195,1,0,0,0,0,0,0,0,0,0,0,0,0,1595900,0,0,0,0,0,0,0,0,0,0,0,0,0,P.HIG,8000.37
000443,VANISH_SOBRE_MIXTO_X24,7,1,0,0,0,0,0,0,0,0,0,0,0,0,58800,0,0,0,0,0,0,0,0,0,0,0,0,0,LAV_.ROPA,6006.99
001417,COLGATE_LUMINOUS_WHITE_140G*12,2,1,0,0,0,0,0,0,0,0,0,0,0,0,47760,0,0,0,0,0,0,0,0,0,0,0,0,0,DENTAL,21600.00
002230,ACONDICIONADOR_BALLERINA_750ML*12,9,1,0,0,0,0,0,0,0,0,0,0,0,0,111168,0,0,0,0,0,0,0,0,0,0,0,0,0,NO TIENE,9588.00
003770,DRIVE_LIQUIDO_3LT*4_AZUL,2,1,0,0,0,0,0,0,0,0,0,0,0,0,38320,0,0,0,0,0,0,0,0,0,0,0,0,0,NO TIENE,16200.00
004368,P._HIGIE._RENDIPLUS_20MT_8*6,76,1,0,0,0,0,0,0,0,0,0,0,0,0,643960,0,0,0,0,0,0,0,0,0,0,0,0,0,NO TIENE,8400.00
002733,ROLLO_COCINA_TORK_8*2,16,1,0,0,0,0,0,0,0,0,0,0,0,0,144680,0,0,0,0,0,0,0,0,0,0,0,0,0,NO TIENE,8489.46
000477,CLORO_ROPA_COLOR_ARCADIA_960CC*12,3,1,0,0,0,0,0,0,0,0,0,0,0,0,38040,0,0,0,0,0,0,0,0,0,0,0,0,0,CLORO,9120.00
005900,YERBA_MATTE*12,1,1,0,0,0,0,0,0,0,0,0,0,0,0,10800,0,0,0,0,0,0,0,0,0,0,0,0,0,NO TIENE,9000.00
004906,GOMITAS_FRUTAL/ACIDAS,4,1,0,0,0,0,0,0,0,0,0,0,0,0,4400,0,0,0,0,0,0,0,0,0,0,0,0,0,NO TIENE,1000.00
001388,SUAVIZANTE_FUZOL_1L*12,3,1,0,0,0,0,0,0,0,0,0,0,0,0,34548,0,0,0,0,0,0,0,0,0,0,0,0,0,NO TIENE,10200.00
004241,PILA_EVEREADY_D*12,6,1,0,0,0,0,0,0,0,0,0,0,0,0,42480,0,0,0,0,0,0,0,0,0,0,0,0,0,NO TIENE,6720.00
005679,PILA_EVEREADY_AA_TIRA*24U,3,1,0,0,0,0,0,0,0,0,0,0,0,0,14328,0,0,0,0,0,0,0,0,0,0,0,0,0,NO TIENE,3335.00
005794,PILA_EVEREADY_AAA_TIRA*24U,5,1,0,0,0,0,0,0,0,0,0,0,0,0,23880,0,0,0,0,0,0,0,0,0,0,0,0,0,NO TIENE,3335.99
005941,MAYO_KRAFT_SACHET,4,1,0,0,0,0,0,0,0,0,0,0,0,0,56880,0,0,0,0,0,0,0,0,0,0,0,0,0,NO TIENE,0.00
003958,AROMATIZANTE_AGUACOL_500CC*6,8,1,0,0,0,0,0,0,0,0,0,0,0,0,57120,0,0,0,0,0,0,0,0,0,0,0,0,0,NO TIENE,5961.90
004994,PRESTOBARBA_MUJER_5HOJAS*12,4,1,0,0,0,0,0,0,0,0,0,0,0,0,23520,0,0,0,0,0,0,0,0,0,0,0,0,0,NO TIENE,4200.00
001457,VELAS_PUERTO_VARAS_SUPER_ECO.,10,1,0,0,0,0,0,0,0,0,0,0,0,0,4900,0,0,0,0,0,0,0,0,0,0,0,0,0,VELAS,410.00
003850,RINSO_LAVALOZA_750ML*15,1,1,0,0,0,0,0,0,0,0,0,0,0,0,10485,0,0,0,0,0,0,0,0,0,0,0,0,0,NO TIENE,9600.00
005682,PAPEL_PREMIUM_XL,15,1,0,0,0,0,0,0,0,0,0,0,0,0,59850,0,0,0,0,0,0,0,0,0,0,0,0,0,NO TIENE,3451.00
003169,ARIEL_1.8L*6,3,1,0,0,0,0,0,0,0,0,0,0,0,0,107820,0,0,0,0,0,0,0,0,0,0,0,0,0,NO TIENE,31139.92
000878,P.HIG._SCOTT_RINDEMAX_8*6,25,1,0,0,0,0,0,0,0,0,0,0,0,0,232810,0,0,0,0,0,0,0,0,0,0,0,0,0,P.HIG,8900.00
002742,CLORO_GEL_BRILLEX*10,2,1,0,0,0,0,0,0,0,0,0,0,0,0,15980,0,0,0,0,0,0,0,0,0,0,0,0,0,NO TIENE,6650.00
002354,TOALLA_SWAN_CLASICA_8*3,38,1,0,0,0,0,0,0,0,0,0,0,0,0,235790,0,0,0,0,0,0,0,0,0,0,0,0,0,NO TIENE,5900.00
001615,LAVALOZA_FUZOL_1L*12,4,1,0,0,0,0,0,0,0,0,0,0,0,0,44244,0,0,0,0,0,0,0,0,0,0,0,0,0,LAVALOZA,10428.00
005959,CLUB_SOCIAL_PACK,24,1,0,0,0,0,0,0,0,0,0,0,0,0,16560,0,0,0,0,0,0,0,0,0,0,0,0,0,NO TIENE,0.00
001218,PAÑAL_BABYSEG_XXG*14,4,1,0,0,0,0,0,0,0,0,0,0,0,0,87600,0,0,0,0,0,0,0,0,0,0,0,0,0,NO TIENE,19650.47
003816,ESCOBILLON_GENESIS,46,1,0,0,0,0,0,0,0,0,0,0,0,0,36340,0,0,0,0,0,0,0,0,0,0,0,0,0,NO TIENE,600.00
001991,SERV._DON_AURELIO_300X10,4,1,0,0,0,0,0,0,0,0,0,0,0,0,35160,0,0,0,0,0,0,0,0,0,0,0,0,0,NO TIENE,8199.10
000860,TOALLITA_DESINF._CHIKOOL,90,1,0,0,0,0,0,0,0,0,0,0,0,0,81000,0,0,0,0,0,0,0,0,0,0,0,0,0,NO TIENE,700.00
000880,LADYSOFT_NOCT_TELA_SUAVE_x7_282,144,1,0,0,0,0,0,0,0,0,0,0,0,0,113760,0,0,0,0,0,0,0,0,0,0,0,0,0,T._HIGIENICAS,559.99
003815,LADYSOFT_UD_NOCTURNA_MALLA_12*14__285,10,1,0,0,0,0,0,0,0,0,0,0,0,0,166800,0,0,0,0,0,0,0,0,0,0,0,0,0,NO TIENE,13439.00
005951,PANETON_BAUDUCCO_500GR,11,1,0,0,0,0,0,0,0,0,0,0,0,0,10890,0,0,0,0,0,0,0,0,0,0,0,0,0,NO TIENE,0.00
004217,TOALLA_AFFECTO_250*2,1,1,0,0,0,0,0,0,0,0,0,0,0,0,6990,0,0,0,0,0,0,0,0,0,0,0,0,0,NO TIENE,6426.00
002308,PREST._GILLETE_CONFORT_BLUE_III_*10,10,1,0,0,0,0,0,0,0,0,0,0,0,0,75000,0,0,0,0,0,0,0,0,0,0,0,0,0,NO TIENE,7390.00
003508,PACK_BARRA_NIVEA*5,6,1,0,0,0,0,0,0,0,0,0,0,0,0,50700,0,0,0,0,0,0,0,0,0,0,0,0,0,NO TIENE,7750.00
003667,PANAL_D/HOJA_40_MTS_*8,13,1,0,0,0,0,0,0,0,0,0,0,0,0,157890,0,0,0,0,0,0,0,0,0,0,0,0,0,NO TIENE,11589.00
003828,DOWNY_SUAVIZANTE_400ML,12,1,0,0,0,0,0,0,0,0,0,0,0,0,20280,0,0,0,0,0,0,0,0,0,0,0,0,0,NO TIENE,1400.00
001320,SCHICK_4_*10_FEMENINA,9,1,0,0,0,0,0,0,0,0,0,0,0,0,71910,0,0,0,0,0,0,0,0,0,0,0,0,0,LIMPIA_PISOS,7099.93
001608,PAÑO_MICROFIBRA_DON_AHORRITO*25,1,1,0,0,0,0,0,0,0,0,0,0,0,0,8750,0,0,0,0,0,0,0,0,0,0,0,0,0,NO TIENE,4999.90
002782,EMUWIPES_SIN_TAPA_80U*24,1,1,0,0,0,0,0,0,0,0,0,0,0,0,23880,0,0,0,0,0,0,0,0,0,0,0,0,0,NO TIENE,22463.63
005159,SUAVIZANTE_COMFORT_1LT,24,1,0,0,0,0,0,0,0,0,0,0,0,0,83760,0,0,0,0,0,0,0,0,0,0,0,0,0,NO TIENE,3249.98
000683,TANAX_AEROSOL_MAT.INS._220CC,36,1,0,0,0,0,0,0,0,0,0,0,0,0,35964,0,0,0,0,0,0,0,0,0,0,0,0,0,NO TIENE,969.85
000687,TANAX_AEROSOL_M/Z_220CC,48,1,0,0,0,0,0,0,0,0,0,0,0,0,47952,0,0,0,0,0,0,0,0,0,0,0,0,0,NO TIENE,1083.39
005426,VELAS_SUR_CHICA_115gr,10,1,0,0,0,0,0,0,0,0,0,0,0,0,4250,0,0,0,0,0,0,0,0,0,0,0,0,0,NO TIENE,372.00
005615,SERVILLETA_DON_AURELIO_DISEÑO_250U*12,2,1,0,0,0,0,0,0,0,0,0,0,0,0,21120,0,0,0,0,0,0,0,0,0,0,0,0,0,NO TIENE,9467.64
004780,OMO_ULTRA_POWER_400*15,17,1,0,0,0,0,0,0,0,0,0,0,0,0,186150,0,0,0,0,0,0,0,0,0,0,0,0,0,NO TIENE,9600.00
005317,ESPONJAS_MULTIUSO_GHOSH_*4,22,1,0,0,0,0,0,0,0,0,0,0,0,0,10978,0,0,0,0,0,0,0,0,0,0,0,0,0,NO TIENE,351.05
003459,ANTIBAC_DESINFECTANTE_400CC,48,1,0,0,0,0,0,0,0,0,0,0,0,0,76320,0,0,0,0,0,0,0,0,0,0,0,0,0,NO TIENE,1353.03
004375,BOLSA_BRILLEX_50X70,10,1,0,0,0,0,0,0,0,0,0,0,0,0,3500,0,0,0,0,0,0,0,0,0,0,0,0,0,NO TIENE,285.00
002840,BOLSA_DOM_105*150,95,1,0,0,0,0,0,0,0,0,0,0,0,0,198550,0,0,0,0,0,0,0,0,0,0,0,0,0,NO TIENE,1790.00
005869,PERFUME_ARABE*12_200ML,7,1,0,0,0,0,0,0,0,0,0,0,0,0,167160,0,0,0,0,0,0,0,0,0,0,0,0,0,NO TIENE,21000.00
004455,DETERGENTE_MATIC_TODAY_5LT,10,1,0,0,0,0,0,0,0,0,0,0,0,0,19900,0,0,0,0,0,0,0,0,0,0,0,0,0,NO TIENE,1989.68
005457,PAMPERS_CARE_XXG*16,2,1,0,0,0,0,0,0,0,0,0,0,0,0,52640,0,0,0,0,0,0,0,0,0,0,0,0,0,NO TIENE,26000.00
001565,RINSO_DILUIR_500ML,18,1,0,0,0,0,0,0,0,0,0,0,0,0,43020,0,0,0,0,0,0,0,0,0,0,0,0,0,LAV_.ROPA,2150.00
001112,QUIX_500ML*15,7,1,0,0,0,0,0,0,0,0,0,0,0,0,103950,0,0,0,0,0,0,0,0,0,0,0,0,0,LAVALOZA,11850.00
003592,EMULSIONADO_BABYLAND_270ML,12,1,0,0,0,0,0,0,0,0,0,0,0,0,17880,0,0,0,0,0,0,0,0,0,0,0,0,0,NO TIENE,1300.00
005894,TOALLA_PROPAPER_XL,8,1,0,0,0,0,0,0,0,0,0,0,0,0,59120,0,0,0,0,0,0,0,0,0,0,0,0,0,NO TIENE,6664.00
005032,SERVILLETA_TODAY,6,1,0,0,0,0,0,0,0,0,0,0,0,0,45290,0,0,0,0,0,0,0,0,0,0,0,0,0,NO TIENE,6990.00
005402,P._HIGIE._SCOTT_RINDEMAX_50MT_6*4,3,1,0,0,0,0,0,0,0,0,0,0,0,0,29270,0,0,0,0,0,0,0,0,0,0,0,0,0,NO TIENE,9049.95
005813,PASTILLA_DE_INODORO*4_AILEDA,12,1,0,0,0,0,0,0,0,0,0,0,0,0,7080,0,0,0,0,0,0,0,0,0,0,0,0,0,NO TIENE,520.00
004649,PAÑO_AMARILLO_SAM,350,1,0,0,0,0,0,0,0,0,0,0,0,0,36750,0,0,0,0,0,0,0,0,0,0,0,0,0,NO TIENE,0.00
003492,PH_OPTIMO_50MT*4,10,1,0,0,0,0,0,0,0,0,0,0,0,0,135400,0,0,0,0,0,0,0,0,0,0,0,0,0,NO TIENE,13299.00
002731,PAPEL._HIG._SWAN_MI_HOGAR_50MTS_8*4,5,1,0,0,0,0,0,0,0,0,0,0,0,0,68450,0,0,0,0,0,0,0,0,0,0,0,0,0,NO TIENE,13589.00
005750,ARCADIA_CLOROGEL_900ML*12,6,1,0,0,0,0,0,0,0,0,0,0,0,0,56880,0,0,0,0,0,0,0,0,0,0,0,0,0,NO TIENE,8294.30
004620,CLOROGEL_EXCELL_12*900CC,7,1,0,0,0,0,0,0,0,0,0,0,0,0,71400,0,0,0,0,0,0,0,0,0,0,0,0,0,NO TIENE,8949.75
002965,BOLSA_WINNEX_105*150,20,1,0,0,0,0,0,0,0,0,0,0,0,0,49800,0,0,0,0,0,0,0,0,0,0,0,0,0,NO TIENE,2403.74
004390,BOLSA_BRILLEX_70X90,137,1,0,0,0,0,0,0,0,0,0,0,0,0,89050,0,0,0,0,0,0,0,0,0,0,0,0,0,NO TIENE,575.00
001715,SOFT_1L,48,1,0,0,0,0,0,0,0,0,0,0,0,0,66720,0,0,0,0,0,0,0,0,0,0,0,0,0,NO TIENE,1290.00
000325,BOLSA_50X70_TEDDY,50,1,0,0,0,0,0,0,0,0,0,0,0,0,17500,0,0,0,0,0,0,0,0,0,0,0,0,0,NO TIENE,293.90
005701,BOLSA_WINNEX_90*120,10,1,0,0,0,0,0,0,0,0,0,0,0,0,16900,0,0,0,0,0,0,0,0,0,0,0,0,0,NO TIENE,1490.41
004355,CLORO_TABLETA_BRILLEX,1,1,0,0,0,0,0,0,0,0,0,0,0,0,2990,0,0,0,0,0,0,0,0,0,0,0,0,0,NO TIENE,2590.00
001399,AMBIENTALES_WINNEX_400ML,24,1,0,0,0,0,0,0,0,0,0,0,0,0,20400,0,0,0,0,0,0,0,0,0,0,0,0,0,AEROSOL,778.95
003364,TOALLA_MAXIFORT_XL_100MT*6ROLLOS,8,1,0,0,0,0,0,0,0,0,0,0,0,0,60000,0,0,0,0,0,0,0,0,0,0,0,0,0,NO TIENE,7068.60
005220,CONO_GEL_FRESKITO_193GR,12,1,0,0,0,0,0,0,0,0,0,0,0,0,8280,0,0,0,0,0,0,0,0,0,0,0,0,0,NO TIENE,550.00
005758,AROMATIZANTE_5EN1_250ML_AILEDA*4,42,1,0,0,0,0,0,0,0,0,0,0,0,0,142800,0,0,0,0,0,0,0,0,0,0,0,0,0,NO TIENE,3000.00
003428,LIMPIA_SUPERFICIES_VIRUTEX,24,1,0,0,0,0,0,0,0,0,0,0,0,0,18960,0,0,0,0,0,0,0,0,0,0,0,0,0,NO TIENE,0.00
002969,LIMPIADOR_EN_POLVO_WINNEX_MULTIUSO,24,1,0,0,0,0,0,0,0,0,0,0,0,0,18960,0,0,0,0,0,0,0,0,0,0,0,0,0,NO TIENE,649.00
003594,SUAVIZANTE_BABYLEE*12,2,1,0,0,0,0,0,0,0,0,0,0,0,0,19176,0,0,0,0,0,0,0,0,0,0,0,0,0,NO TIENE,10788.00
005590,AMBIENTAL_DON_AHORRITO_400ML*12,24,1,0,0,0,0,0,0,0,0,0,0,0,0,224352,0,0,0,0,0,0,0,0,0,0,0,0,0,NO TIENE,8424.01
005762,REPUESTO_DE_MAQUINA_AILEDA,2,1,0,0,0,0,0,0,0,0,0,0,0,0,7560,0,0,0,0,0,0,0,0,0,0,0,0,0,NO TIENE,2950.00
001915,CIF_ORIGINAL,42,1,0,0,0,0,0,0,0,0,0,0,0,0,58380,0,0,0,0,0,0,0,0,0,0,0,0,0,CLORO,1030.04
003554,VANISH_ROSA_POTE_400_GR_POLVO,3,1,0,0,0,0,0,0,0,0,0,0,0,0,8070,0,0,0,0,0,0,0,0,0,0,0,0,0,NO TIENE,2500.00
004342,TRAPERO_HUMEDO_DON_AHORRITO_7UN*24,12,1,0,0,0,0,0,0,0,0,0,0,0,0,173736,0,0,0,0,0,0,0,0,0,0,0,0,0,NO TIENE,12719.90
004983,ESPONJA_ACANALADA_DOM*50,3,1,0,0,0,0,0,0,0,0,0,0,0,0,16500,0,0,0,0,0,0,0,0,0,0,0,0,0,NO TIENE,3950.00
003515,ENCENDEDOR_LIN*20,5,1,0,0,0,0,0,0,0,0,0,0,0,0,15000,0,0,0,0,0,0,0,0,0,0,0,0,0,NO TIENE,1800.00
001198,ARROZ_GRADO_1,1,1,0,0,0,0,0,0,0,0,0,0,0,0,9900,0,0,0,0,0,0,0,0,0,0,0,0,0,NO TIENE,10591.00
005519,ATUN_LOMITO_ACEITE,12,1,0,0,0,0,0,0,0,0,0,0,0,0,9588,0,0,0,0,0,0,0,0,0,0,0,0,0,NO TIENE,720.00
004958,TUBO_FINI_180UNID.,6,1,0,0,0,0,0,0,0,0,0,0,0,0,11940,0,0,0,0,0,0,0,0,0,0,0,0,0,NO TIENE,1190.00
005322,PAPEL_ALUMINIO_GHOSH_5_METROS,22,1,0,0,0,0,0,0,0,0,0,0,0,0,12980,0,0,0,0,0,0,0,0,0,0,0,0,0,NO TIENE,523.60
001939,CLORO_GENESIS_5L,10,1,0,0,0,0,0,0,0,0,0,0,0,0,10900,0,0,0,0,0,0,0,0,0,0,0,0,0,CLORO,900.00
000457,CLORO_ARCADIA_1000_MULTIUSO*12,2,1,0,0,0,0,0,0,0,0,0,0,0,0,16560,0,0,0,0,0,0,0,0,0,0,0,0,0,CLORO,6199.90
}005400,LIMPIA_VIDRIO_BRILLEX_500CC*12,1,1,0,0,0,0,0,0,0,0,0,0,0,0,10788,0,0,0,0,0,0,0,0,0,0,0,0,0,NO TIENE,9960.00
002978,ALGABO_TALCO_PIES_200G_*6,1,1,0,0,0,0,0,0,0,0,0,0,0,0,6540,0,0,0,0,0,0,0,0,0,0,0,0,0,NO TIENE,5782.21
001411,PEPSODENT_INTEGRAL_75_ML,24,1,0,0,0,0,0,0,0,0,0,0,0,0,18960,0,0,0,0,0,0,0,0,0,0,0,0,0,DENTAL,690.00
002838,BOLSA_DOM_90X120,30,1,0,0,0,0,0,0,0,0,0,0,0,0,53700,0,0,0,0,0,0,0,0,0,0,0,0,0,NO TIENE,1200.00
003645,TOALLITA_WINNEX_BEBE_80U*12,4,1,0,0,0,0,0,0,0,0,0,0,0,0,40800,0,0,0,0,0,0,0,0,0,0,0,0,0,NO TIENE,8256.00
004111,TRAPERO_HUMEDO_DOM*10,6,1,0,0,0,0,0,0,0,0,0,0,0,0,59400,0,0,0,0,0,0,0,0,0,0,0,0,0,NO TIENE,8200.00
005747,TRAPERO_HUMEDO_AILEDA*10,1,1,0,0,0,0,0,0,0,0,0,0,0,0,12900,0,0,0,0,0,0,0,0,0,0,0,0,0,NO TIENE,0.00
004315,DETERG.__PERLADO_5LT,7,1,0,0,0,0,0,0,0,0,0,0,0,0,9730,0,0,0,0,0,0,0,0,0,0,0,0,0,NO TIENE,1150.00
004099,VELAS_INVENA_ECONOMICA,10,1,0,0,0,0,0,0,0,0,0,0,0,0,5900,0,0,0,0,0,0,0,0,0,0,0,0,0,NO TIENE,514.08
003879,PACK_KIT_SILICONA+RENOVADOR,3,1,0,0,0,0,0,0,0,0,0,0,0,0,11370,0,0,0,0,0,0,0,0,0,0,0,0,0,NO TIENE,3850.00
003603,TOALLA_OVELLA__H/S100MT*6,3,1,0,0,0,0,0,0,0,0,0,0,0,0,22170,0,0,0,0,0,0,0,0,0,0,0,0,0,NO TIENE,7439.00
006003,CHICLE_FINI_*18,4986,1,0,0,0,0,0,0,0,0,0,0,0,0,10776780,0,0,0,0,0,0,0,0,0,0,0,0,0,NO TIENE,698.00
005961,PACK_IGENIX,6,1,0,0,0,0,0,0,0,0,0,0,0,0,31740,0,0,0,0,0,0,0,0,0,0,0,0,0,NO TIENE,0.00
005949,ALFAJOR_DE_ARROZ,6,1,0,0,0,0,0,0,0,0,0,0,0,0,4740,0,0,0,0,0,0,0,0,0,0,0,0,0,NO TIENE,0.00
003865,CHIKOOL_ADULTO_PANTS_XG*16,8,1,0,0,0,0,0,0,0,0,0,0,0,0,67920,0,0,0,0,0,0,0,0,0,0,0,0,0,NO TIENE,7690.00
003263,PAPEL_HIG._FLORAX_12*4ROLLOS,5,1,0,0,0,0,0,0,0,0,0,0,0,0,34050,0,0,0,0,0,0,0,0,0,0,0,0,0,NO TIENE,6199.90
005366,PATO_PURIFIC_DISCO_ADHESIVO*2,12,1,0,0,0,0,0,0,0,0,0,0,0,0,11880,0,0,0,0,0,0,0,0,0,0,0,0,0,NO TIENE,840.00
003183,DETERGENTE_WINNEX_400GR,30,1,0,0,0,0,0,0,0,0,0,0,0,0,17700,0,0,0,0,0,0,0,0,0,0,0,0,0,NO TIENE,429.59
003611,COLGATE_TOTAL_CARBON*12,1,1,0,0,0,0,0,0,0,0,0,0,0,0,15480,0,0,0,0,0,0,0,0,0,0,0,0,0,NO TIENE,13200.00
004168,COLGATE_LUMINOUS_CARBON*12,1,1,0,0,0,0,0,0,0,0,0,0,0,0,17880,0,0,0,0,0,0,0,0,0,0,0,0,0,NO TIENE,16200.00
001639,COLGATE_LUMINOUS__WHITE__90G*12,3,1,0,0,0,0,0,0,0,0,0,0,0,0,53640,0,0,0,0,0,0,0,0,0,0,0,0,0,DENTAL,15600.00
005873,PERFUME_ARABE*12_250ML,1,1,0,0,0,0,0,0,0,0,0,0,0,0,23880,0,0,0,0,0,0,0,0,0,0,0,0,0,NO TIENE,21000.00
000697,TANAX_CASA_Y_JARDIN_500CC,8,1,0,0,0,0,0,0,0,0,0,0,0,0,13520,0,0,0,0,0,0,0,0,0,0,0,0,0,NO TIENE,1428.00
005690,TOALLITA_BABYSEC_PREMIUM_70UNI*12,1,1,0,0,0,0,0,0,0,0,0,0,0,0,11880,0,0,0,0,0,0,0,0,0,0,0,0,0,NO TIENE,10319.60
004675,LAVALOZA_ANTIGERMENES_EXCELL_8*1000CC,1,1,0,0,0,0,0,0,0,0,0,0,0,0,7192,0,0,0,0,0,0,0,0,0,0,0,0,0,NO TIENE,6579.80
004673,LAVALOZA_CON_CLORO_EXCELL_8*1000CC,1,1,0,0,0,0,0,0,0,0,0,0,0,0,7192,0,0,0,0,0,0,0,0,0,0,0,0,0,NO TIENE,6579.80
004672,LAVALOZA_DESENGRASANTE_EXCELL_8*1000CC,1,1,0,0,0,0,0,0,0,0,0,0,0,0,7192,0,0,0,0,0,0,0,0,0,0,0,0,0,NO TIENE,6579.82
001824,CEPILLO_CHIKOOL_ADULTO*12,2,1,0,0,0,0,0,0,0,0,0,0,0,0,9576,0,0,0,0,0,0,0,0,0,0,0,0,0,DENTAL,4788.00
005642,SHAMPOO_HEAD_SHOULDER,36,1,0,0,0,0,0,0,0,0,0,0,0,0,99000,0,0,0,0,0,0,0,0,0,0,0,0,0,NO TIENE,2650.00
003084,TRAPEROS_HUMEDOS_WINNEX,12,1,0,0,0,0,0,0,0,0,0,0,0,0,16680,0,0,0,0,0,0,0,0,0,0,0,0,0,NO TIENE,1154.00
000874,VELAS_ECONOMICA_ANTORCHA,50,1,0,0,0,0,0,0,0,0,0,0,0,0,27500,0,0,0,0,0,0,0,0,0,0,0,0,0,VELAS,404.20
000824,PAÑAL_BABYSEC_XG_X14,2,1,0,0,0,0,0,0,0,0,0,0,0,0,43800,0,0,0,0,0,0,0,0,0,0,0,0,0,NO TIENE,19650.47
005362,TOALLITAS_HUMEDA_BIO_EMUBABY_99%_AGUA_PACK,2,1,0,0,0,0,0,0,0,0,0,0,0,0,21564,0,0,0,0,0,0,0,0,0,0,0,0,0,NO TIENE,0.00
005510,JABON_LIQUIDO_ACTIVE_1LT*10,5,1,0,0,0,0,0,0,0,0,0,0,0,0,29950,0,0,0,0,0,0,0,0,0,0,0,0,0,NO TIENE,5117.00
001247,ESPONJA_PARRILERA_PURITY*20,1,1,0,0,0,0,0,0,0,0,0,0,0,0,3000,0,0,0,0,0,0,0,0,0,0,0,0,0,LIMPIA_PISOS,2180.00
001255,FIBRA_P/_TRAB._DIFICILES_X10,1,1,0,0,0,0,0,0,0,0,0,0,0,0,4800,0,0,0,0,0,0,0,0,0,0,0,0,0,NO TIENE,4400.00
004392,BOLSA_BRILLEX_80X110,20,1,0,0,0,0,0,0,0,0,0,0,0,0,19800,0,0,0,0,0,0,0,0,0,0,0,0,0,NO TIENE,875.00
002727,TRAPERO_MICROFIBRA_DON_AHORRITO*25,4,1,0,0,0,0,0,0,0,0,0,0,0,0,69000,0,0,0,0,0,0,0,0,0,0,0,0,0,NO TIENE,14250.00
004531,TOALLA_MAXIFORT_80*6,8,1,0,0,0,0,0,0,0,0,0,0,0,0,47920,0,0,0,0,0,0,0,0,0,0,0,0,0,NO TIENE,5400.00
002468,RENOVADOR_DE_GOMA_WINNEX*12,1,1,0,0,0,0,0,0,0,0,0,0,0,0,11880,0,0,0,0,0,0,0,0,0,0,0,0,0,NO TIENE,9599.73
005432,VELAS_SUR_GRANDE_200G.,10,1,0,0,0,0,0,0,0,0,0,0,0,0,8500,0,0,0,0,0,0,0,0,0,0,0,0,0,NO TIENE,617.50
005056,SERVILLETA_BELLEZA*12,9,1,0,0,0,0,0,0,0,0,0,0,0,0,81000,0,0,0,0,0,0,0,0,0,0,0,0,0,NO TIENE,9000.00
005933,POUCHE_MIKCAT*18,2,1,0,0,0,0,0,0,0,0,0,0,0,0,17964,0,0,0,0,0,0,0,0,0,0,0,0,0,NO TIENE,7879.13
005935,POUCHE_MIKDOG*18,2,1,0,0,0,0,0,0,0,0,0,0,0,0,17964,0,0,0,0,0,0,0,0,0,0,0,0,0,NO TIENE,0.00
004521,RECARGO_POR_DESPACHO,2,1,0,0,0,0,0,0,0,0,0,0,0,0,8000,0,0,0,0,0,0,0,0,0,0,0,0,0,NO TIENE,0.00
001372,EMUWIPES_CON_TAPA_*9,1,1,0,0,0,0,0,0,0,0,0,0,0,0,23310,0,0,0,0,0,0,0,0,0,0,0,0,0,NO TIENE,21690.13
001791,ACONDICIONADOR_DOVE_400ML,18,1,0,0,0,0,0,0,0,0,0,0,0,0,33300,0,0,0,0,0,0,0,0,0,0,0,0,0,SHAMPOO,966.39
005973,HELLMAN__MAYONESA_BOLSA_1.88*6,1,1,0,0,0,0,0,0,0,0,0,0,0,0,14940,0,0,0,0,0,0,0,0,0,0,0,0,0,NO TIENE,12000.00
003402,PAÑAL_CHIKOOL_ADULTO_PREM._XG*20,18,1,0,0,0,0,0,0,0,0,0,0,0,0,178200,0,0,0,0,0,0,0,0,0,0,0,0,0,PAÑAL,8790.00
004454,SILICONA_KIT_420CM,12,1,0,0,0,0,0,0,0,0,0,0,0,0,21480,0,0,0,0,0,0,0,0,0,0,0,0,0,NO TIENE,1680.00
004039,PAÑALES_GUAGI_XXL,1,1,0,0,0,0,0,0,0,0,0,0,0,0,19990,0,0,0,0,0,0,0,0,0,0,0,0,0,PAÑAL,1297.10
004886,ESCOBILLON_ECONOMICO,22,1,0,0,0,0,0,0,0,0,0,0,0,0,18700,0,0,0,0,0,0,0,0,0,0,0,0,0,NO TIENE,0.00
000579,PAÑO_ESPONJA_DOM_*3,1,1,0,0,0,0,0,0,0,0,0,0,0,0,590,0,0,0,0,0,0,0,0,0,0,0,0,0,NO TIENE,510.00
001431,CHIKOOL_COTONITOS_100,36,1,0,0,0,0,0,0,0,0,0,0,0,0,17280,0,0,0,0,0,0,0,0,0,0,0,0,0,NO TIENE,425.00
001324,LAV._VIRGINIA_D/PACK_1_LT*12,1,1,0,0,0,0,0,0,0,0,0,0,0,0,13080,0,0,0,0,0,0,0,0,0,0,0,0,0,LAVALOZA,12000.00
005775,TANAX_AERO._T/I_SIN_OLOR_500CC,8,1,0,0,0,0,0,0,0,0,0,0,0,0,12400,0,0,0,0,0,0,0,0,0,0,0,0,0,NO TIENE,1404.20
001239,DESODORANTE_MALIZIA_HOMB,12,1,0,0,0,0,0,0,0,0,0,0,0,0,16680,0,0,0,0,0,0,0,0,0,0,0,0,0,AEROSOL,1190.00
005896,TOALLA_LADYSOFT_COD_174_24*8,1,1,0,0,0,0,0,0,0,0,0,0,0,0,16560,0,0,0,0,0,0,0,0,0,0,0,0,0,NO TIENE,12480.00
002846,TOALLITA_FEME_CHIKOOL_DIA,24,1,0,0,0,0,0,0,0,0,0,0,0,0,13200,0,0,0,0,0,0,0,0,0,0,0,0,0,NO TIENE,499.00
005434,VELAS_SUR_EXTRA_G._250G.,40,1,0,0,0,0,0,0,0,0,0,0,0,0,35600,0,0,0,0,0,0,0,0,0,0,0,0,0,NO TIENE,770.00
000822,PAÑAL_BABYSEC_G_X18,1,1,0,0,0,0,0,0,0,0,0,0,0,0,21900,0,0,0,0,0,0,0,0,0,0,0,0,0,NO TIENE,19650.47
000535,JABON_DEX_*4,12,1,0,0,0,0,0,0,0,0,0,0,0,0,10788,0,0,0,0,0,0,0,0,0,0,0,0,0,SHAMPOO,790.00
005859,BOLSA_DE_BASURA_GHOSH_43X45*20U,20,1,0,0,0,0,0,0,0,0,0,0,0,0,7000,0,0,0,0,0,0,0,0,0,0,0,0,0,NO TIENE,273.70
005902,TOALLA_PREMIER*4,3,1,0,0,0,0,0,0,0,0,0,0,0,0,7170,0,0,0,0,0,0,0,0,0,0,0,0,0,NO TIENE,0.00
005699,LIMPIADOR_PISO_FLOTANTE_VIRGINIA,12,1,0,0,0,0,0,0,0,0,0,0,0,0,11880,0,0,0,0,0,0,0,0,0,0,0,0,0,NO TIENE,850.00
005883,LAVALOZA_BIOPAL,5,1,0,0,0,0,0,0,0,0,0,0,0,0,8950,0,0,0,0,0,0,0,0,0,0,0,0,0,NO TIENE,0.00
005695,CIF_BAÑO_DOYPACK*15,1,1,0,0,0,0,0,0,0,0,0,0,0,0,11850,0,0,0,0,0,0,0,0,0,0,0,0,0,NO TIENE,9000.00
005906,BARRILETTE_*50,1,1,0,0,0,0,0,0,0,0,0,0,0,0,1100,0,0,0,0,0,0,0,0,0,0,0,0,0,NO TIENE,1000.00
005908,PALETA_DONUT*50,1,1,0,0,0,0,0,0,0,0,0,0,0,0,1100,0,0,0,0,0,0,0,0,0,0,0,0,0,NO TIENE,1300.00
002794,FILM_300MTS_GHOSH_CORTADOR,1,1,0,0,0,0,0,0,0,0,0,0,0,0,5990,0,0,0,0,0,0,0,0,0,0,0,0,0,NO TIENE,4522.00
96003133,TOALLA_DON__PAPEL_AZUL*2,1,1,0,0,0,0,0,0,0,0,0,0,0,0,2990,0,0,0,0,0,0,0,0,0,0,0,0,0,NO TIENE,2500.00
003005,DETERGENTE_BIOPAL_5L,35,1,0,0,0,0,0,0,0,0,0,0,0,0,39500,0,0,0,0,0,0,0,0,0,0,0,0,0,NO TIENE,899.64
004566,TOALLA_OPTIMO_XL*6,2,1,0,0,0,0,0,0,0,0,0,0,0,0,25980,0,0,0,0,0,0,0,0,0,0,0,0,0,NO TIENE,12599.72
005628,PANAL_50_MTR4*8,7,1,0,0,0,0,0,0,0,0,0,0,0,0,113630,0,0,0,0,0,0,0,0,0,0,0,0,0,NO TIENE,15950.00
005993,LUSTRA_MUEBLE_VIRGINIA,12,1,0,0,0,0,0,0,0,0,0,0,0,0,20280,0,0,0,0,0,0,0,0,0,0,0,0,0,NO TIENE,1400.00
004365,BIDON_REFRIGERANTE_ANTICONGELANTE_-3_AGUACOL,7,1,0,0,0,0,0,0,0,0,0,0,0,0,12530,0,0,0,0,0,0,0,0,0,0,0,0,0,NO TIENE,1439.90
004208,ANTIBAC_DETERG._BIO_3LT,4,1,0,0,0,0,0,0,0,0,0,0,0,0,11960,0,0,0,0,0,0,0,0,0,0,0,0,0,NO TIENE,2687.02
004782,QUIX_200ML*18,1,1,0,0,0,0,0,0,0,0,0,0,0,0,12420,0,0,0,0,0,0,0,0,0,0,0,0,0,NO TIENE,8676.00
004481,COLGATE_TRIPLE_ACCION_50G_PACK*6,2,1,0,0,0,0,0,0,0,0,0,0,0,0,4788,0,0,0,0,0,0,0,0,0,0,0,0,0,NO TIENE,2634.01
004583,MAGISTRAL_500ML,10,1,0,0,0,0,0,0,0,0,0,0,0,0,21900,0,0,0,0,0,0,0,0,0,0,0,0,0,NO TIENE,2250.00
002806,BIO_POLVO_800GR,24,1,0,0,0,0,0,0,0,0,0,0,0,0,28776,0,0,0,0,0,0,0,0,0,0,0,0,0,NO TIENE,1030.00
005443,ARIEL_700_GR,21,1,0,0,0,0,0,0,0,0,0,0,0,0,38850,0,0,0,0,0,0,0,0,0,0,0,0,0,NO TIENE,1550.00
001886,LADYSOFT_UD_TELA_SUAVE_12*16_270,3,1,0,0,0,0,0,0,0,0,0,0,0,0,50040,0,0,0,0,0,0,0,0,0,0,0,0,0,NO TIENE,14999.90
005945,LIMPIADOR_INODORO_EN_CUBO_*2_AILEDA,12,1,0,0,0,0,0,0,0,0,0,0,0,0,8280,0,0,0,0,0,0,0,0,0,0,0,0,0,NO TIENE,550.00
005764,SERVILLETA_NUBY*10,1,1,0,0,0,0,0,0,0,0,0,0,0,0,7790,0,0,0,0,0,0,0,0,0,0,0,0,0,NO TIENE,7150.00
002770,NOVA_CLASICA,3,1,0,0,0,0,0,0,0,0,0,0,0,0,19470,0,0,0,0,0,0,0,0,0,0,0,0,0,P.HIG,6290.00
000866,TOALLITAS_CHIKOOL_NEW_80UN,18,1,0,0,0,0,0,0,0,0,0,0,0,0,21240,0,0,0,0,0,0,0,0,0,0,0,0,0,T._HUMEDAS,1000.00
004319,ANTIBAC_DESINFECTANTE_220CC,12,1,0,0,0,0,0,0,0,0,0,0,0,0,16680,0,0,0,0,0,0,0,0,0,0,0,0,0,NO TIENE,1226.89
001884,LADYSOFT_UD_MALLA_C/ALAS_075_16*12,2,1,0,0,0,0,0,0,0,0,0,0,0,0,35760,0,0,0,0,0,0,0,0,0,0,0,0,0,T._HIGIENICAS,15479.52
